file,step,task_id,prompt,response,correctness_0_5,completeness_0_5,clarity_0_5,notes
step1_basic.json,basic,t1,"You are a helpful assistant.

Context:
Apex Wealth, a financial advisory firm, is launching a new digital investment portal for its clients. The platform allows clients to monitor their portfolio performance, execute trades, and access account statements.
New features being rolled out include: an AI-powered portfolio rebalancing assistant, ESG (Environmental, Social, Governance) investment screening filters, a goal-based planning simulator (e.g., for retirement or a home purchase), and a secure direct-chat feature with their dedicated financial advisor. 
The product team tracks monthly KPIs: total Assets Under Management (AUM) on the platform, client Net Promoter Score (NPS), and average trade frequency per user.
This prompt provides a similar level of detail about the product, its features, and the key metrics for success, but sets the scenario within a wealth management context.

Question:
Summarize the new features of the Apex Wealth digital portal.","The Apex Wealth digital investment portal has been revamped with several exciting new features to enhance client experience and operational efficiency. Here's a summary of the key features:

1. **AI-Powered Portfolio Rebalancing Assistant**: An intelligent tool that automatically rebalances portfolios based on changing market conditions, ensuring clients' investments remain aligned with their goals.
2. **ESG Investment Screening Filters**: A set of pre-defined filters to help clients identify and exclude ESG-sensitive companies or sectors, aligning their investments with their values and ethics.
3. **Goal-Based Planning Simulator**: A user-friendly tool that allows clients to simulate different financial scenarios, such as retirement planning or a home purchase, to test their investment strategies and outcomes.
4. **Secure Direct-Chat Feature**: A dedicated channel for clients to communicate directly with the financial advisor, providing personalized guidance and support.

These new features aim to provide Apex Wealth's clients with a more comprehensive, efficient, and personalized investment experience.

",5,5,5,High-quality human readable response and it fullfills the request
step1_basic.json,basic,t2,"You are a helpful assistant.

Context:
Apex Wealth, a financial advisory firm, is launching a new digital investment portal for its clients. The platform allows clients to monitor their portfolio performance, execute trades, and access account statements.
New features being rolled out include: an AI-powered portfolio rebalancing assistant, ESG (Environmental, Social, Governance) investment screening filters, a goal-based planning simulator (e.g., for retirement or a home purchase), and a secure direct-chat feature with their dedicated financial advisor. 
The product team tracks monthly KPIs: total Assets Under Management (AUM) on the platform, client Net Promoter Score (NPS), and average trade frequency per user.
This prompt provides a similar level of detail about the product, its features, and the key metrics for success, but sets the scenario within a wealth management context.

Question:
List the three KPIs being tracked and explain their significance for the business.","In the context of Apex Wealth's new digital investment portal, here are the three KPIs being tracked along with their significance:

1. **Total Assets Under Management (AUM)**: This is a key indicator of the platform's success in attracting and retaining clients. A stable and growing AUM suggests that the platform is effectively providing value to its users, increasing revenue for Apex Wealth. This metric also helps the company to gauge the effectiveness of its investment strategies and offerings.

2. **Client Net Promoter Score (NPS)**: This KPI measures client satisfaction with the platform and its services. A positive NPS indicates that clients are likely to recommend Apex Wealth to others, driving business growth through referrals and word-of-mouth marketing. Conversely, a low NPS can indicate areas for improvement, such as enhancing the user experience or refining investment products.

3. **Average trade frequency per user**: This metric assesses the platform's ability to efficiently execute trades on behalf of its clients. Regular trades can increase AUM by transferring funds into and out of the client's portfolio, while also generating revenue for Apex Wealth through trading commissions. The average trade frequency can help the company optimize its trading strategy, improve execution efficiency, and reduce costs.

By tracking these KPIs, Apex Wealth can gain insights into how well its platform is meeting client expectations, what areas need improvement, and make data-driven decisions to enhance the overall user experience and investment strategies.

",5,5,5,
step1_basic.json,basic,t3,"You are a helpful assistant.

Context:
Apex Wealth, a financial advisory firm, is launching a new digital investment portal for its clients. The platform allows clients to monitor their portfolio performance, execute trades, and access account statements.
New features being rolled out include: an AI-powered portfolio rebalancing assistant, ESG (Environmental, Social, Governance) investment screening filters, a goal-based planning simulator (e.g., for retirement or a home purchase), and a secure direct-chat feature with their dedicated financial advisor. 
The product team tracks monthly KPIs: total Assets Under Management (AUM) on the platform, client Net Promoter Score (NPS), and average trade frequency per user.
This prompt provides a similar level of detail about the product, its features, and the key metrics for success, but sets the scenario within a wealth management context.

Question:
Propose two strategies or experiments to increase client Assets Under Management (AUM) on the platform.","In the context of Apex Wealth's digital investment portal, here are two potential strategies to increase client AUM:

**Strategy 1: Premium Features and Advisory Services**

* **Offer a tiered pricing model**: Introduce a premium subscription for clients who require more personalized attention and advanced investment analysis.
* **Tiered benefits**: Provide additional features such as:
	+ Personalized financial planning and goal-setting assistance
	+ Advanced portfolio optimization through bespoke rebalancing strategies
	+ Priority access to expert market insights and research reports
	+ Dedicated financial advisor support (e.g., quarterly check-ins)
* **Client retention incentives**: Offer discounts or free premium features for clients who maintain a certain level of account balance or achieve specific performance targets.

By offering a premium tier with additional benefits, Apex Wealth can attract high-net-worth individuals who are willing to pay a higher premium for personalized support and expert guidance. This can lead to increased AUM by encouraging clients to engage more frequently with the platform and seeking out premium features as needed.

**Strategy 2: Data-Driven Insights and Competitive Advantage**

* **Enhance customer data analytics**: Introduce advanced data visualization tools that provide clients with a deeper understanding of their investment portfolios, allowing them to make more informed decisions.
* **Exclusive research partnerships**: Collaborate with leading research firms or institutions to gain access to proprietary market insights, providing clients with actionable advice and recommendations.
* **A/B testing and optimization**: Implement targeted A/B testing across the platform to identify areas where clients are spending the most time and optimize the user experience accordingly.

By leveraging advanced data analytics and exclusive research partnerships, Apex Wealth can differentiate itself from competitors and establish a competitive edge. This can lead to increased client engagement and AUM by providing valuable insights that enhance their overall investing experience.

Both strategies aim to address the challenge of increasing client AUM while meeting the evolving needs of high-net-worth individuals seeking personalized support and expert guidance within Apex Wealth's digital investment portal.

",5,5,5,
step1_basic.json,basic,t4,"You are a helpful assistant.

Context:
Apex Wealth, a financial advisory firm, is launching a new digital investment portal for its clients. The platform allows clients to monitor their portfolio performance, execute trades, and access account statements.
New features being rolled out include: an AI-powered portfolio rebalancing assistant, ESG (Environmental, Social, Governance) investment screening filters, a goal-based planning simulator (e.g., for retirement or a home purchase), and a secure direct-chat feature with their dedicated financial advisor. 
The product team tracks monthly KPIs: total Assets Under Management (AUM) on the platform, client Net Promoter Score (NPS), and average trade frequency per user.
This prompt provides a similar level of detail about the product, its features, and the key metrics for success, but sets the scenario within a wealth management context.

Question:
Write a short FAQ answer for a client asking: 'How does the AI portfolio rebalancing assistant work?'","Here's a possible FAQ response:

""Dear [Client], 

I'd be happy to help you understand how our AI-powered portfolio rebalancing assistant works. Our system uses advanced algorithms and real-time market data to identify potential imbalances in your portfolio and make adjustments to ensure it remains aligned with your investment goals.

Here's a step-by-step explanation of the process:

1. We analyze your portfolio holdings against our comprehensive database of historical market data.
2. If we detect any discrepancies, such as under or over-exposure to specific assets, our AI assistant will alert you to potential rebalancing opportunities.
3. Based on your input and preferences, we will suggest adjustments to your portfolio composition, including buy or sell recommendations.
4. Our system takes into account various factors, including risk tolerance, investment horizon, and asset allocation goals, to ensure the rebalanced portfolio remains aligned with your objectives.

To access our AI-powered rebalancing assistant on our platform, simply click on the 'Portfolio Rebalancing' button within your dashboard. You can also schedule rebalancing sessions in advance through our dedicated portal or via direct-chat with me, your assigned financial advisor.

We're confident that our portfolio rebalancing assistant will help you stay on track with your investment goals and maintain a well-diversified portfolio.

Best regards,
[Your Name]""

",4,5,5,
step2_structured.json,structured,t1,"You are a helpful assistant. Return the answer in **strict JSON** with keys:
- ""answer"": string
- ""supporting_facts"": list of short strings derived from the context
- ""confidence"": number in [0,1]

Context:
Apex Wealth, a financial advisory firm, is launching a new digital investment portal for its clients. The platform allows clients to monitor their portfolio performance, execute trades, and access account statements.
New features being rolled out include: an AI-powered portfolio rebalancing assistant, ESG (Environmental, Social, Governance) investment screening filters, a goal-based planning simulator (e.g., for retirement or a home purchase), and a secure direct-chat feature with their dedicated financial advisor. 
The product team tracks monthly KPIs: total Assets Under Management (AUM) on the platform, client Net Promoter Score (NPS), and average trade frequency per user.
This prompt provides a similar level of detail about the product, its features, and the key metrics for success, but sets the scenario within a wealth management context.

Question:
Summarize the new features of the Apex Wealth digital portal.

If something is unknowable from the context, set ""confidence"": 0 and use an empty ""supporting_facts"".","```json
{
  ""answer"": ""The Apex Wealth digital portal launches with several new features, including"",
  ""supporting_facts"": [
    ""\""AI-powered portfolio rebalancing assistant\"" for enhanced investment management"",
    ""\""ESG (Environmental, Social, Governance) investment screening filters\"" for more responsible investing"",
    ""\""goal-based planning simulator\"" for tailored financial planning"",
    ""\""secure direct-chat feature with a dedicated financial advisor\"" for personalized support""
  ],
  ""confidence"": 0.8
}
```

",5,4,5,
step2_structured.json,structured,t2,"You are a helpful assistant. Return the answer in **strict JSON** with keys:
- ""answer"": string
- ""supporting_facts"": list of short strings derived from the context
- ""confidence"": number in [0,1]

Context:
Apex Wealth, a financial advisory firm, is launching a new digital investment portal for its clients. The platform allows clients to monitor their portfolio performance, execute trades, and access account statements.
New features being rolled out include: an AI-powered portfolio rebalancing assistant, ESG (Environmental, Social, Governance) investment screening filters, a goal-based planning simulator (e.g., for retirement or a home purchase), and a secure direct-chat feature with their dedicated financial advisor. 
The product team tracks monthly KPIs: total Assets Under Management (AUM) on the platform, client Net Promoter Score (NPS), and average trade frequency per user.
This prompt provides a similar level of detail about the product, its features, and the key metrics for success, but sets the scenario within a wealth management context.

Question:
List the three KPIs being tracked and explain their significance for the business.

If something is unknowable from the context, set ""confidence"": 0 and use an empty ""supporting_facts"".","```json
{
    ""answer"": ""Three key performance indicators (KPIs) being tracked by Apex Wealth."",
    ""supporting_facts"": [],
    ""confidence"": 0.2
}
```

- **Total Assets Under Management (AUM)**: This KPI is significant for Apex Wealth as it represents the total value of assets managed on behalf of their clients. It provides a comprehensive view of the firm's overall success in managing client portfolios and assets.
- **Client Net Promoter Score (NPS)**: This metric measures the level of customer satisfaction with the firm's services. A higher NPS indicates that clients are more likely to recommend Apex Wealth to others, which can lead to increased business growth and referrals.
- **Average trade frequency per user**: This KPI tracks the number of trades executed by each client on the platform. It provides insights into the effectiveness of the platform in facilitating trading activities and can help identify areas for improvement or optimization.

",3,1,1,The model could not handle and fit the complexity of the question within the structure format
step2_structured.json,structured,t3,"You are a helpful assistant. Return the answer in **strict JSON** with keys:
- ""answer"": string
- ""supporting_facts"": list of short strings derived from the context
- ""confidence"": number in [0,1]

Context:
Apex Wealth, a financial advisory firm, is launching a new digital investment portal for its clients. The platform allows clients to monitor their portfolio performance, execute trades, and access account statements.
New features being rolled out include: an AI-powered portfolio rebalancing assistant, ESG (Environmental, Social, Governance) investment screening filters, a goal-based planning simulator (e.g., for retirement or a home purchase), and a secure direct-chat feature with their dedicated financial advisor. 
The product team tracks monthly KPIs: total Assets Under Management (AUM) on the platform, client Net Promoter Score (NPS), and average trade frequency per user.
This prompt provides a similar level of detail about the product, its features, and the key metrics for success, but sets the scenario within a wealth management context.

Question:
Propose two strategies or experiments to increase client Assets Under Management (AUM) on the platform.

If something is unknowable from the context, set ""confidence"": 0 and use an empty ""supporting_facts"".","**answer:** { ""answer"": ""Two Strategies to Increase AUM"", ""supporting_facts"": [], ""confidence"": 0.5 }

**Strategy 1: Enhanced Personalization**

* Provide clients with a more tailored investment experience through AI-powered portfolio rebalancing assistant and ESG investment screening filters.
* Offer goal-based planning simulator to help clients align their investments with their financial objectives (e.g., retirement, home purchase).
* Integrate direct-chat feature for dedicated financial advisor assistance.

**Context:** The AI-powered tools will analyze client data and provide personalized recommendations based on their risk tolerance, investment horizon, and goals. This increased customization of the platform will lead to higher client satisfaction and a desire to continue investing with Apex Wealth.

**Supporting Facts:**

* Enhanced personalization can increase client engagement and retention.
* Improved financial planning outcomes are expected through goal-based simulation.
* Dedicated advisor support is valued by clients for expertise in their specific needs.

**Strategy 2: Multi-Asset Class Expansion**

* Expand the platform to include a wider range of investment products, such as fixed income, real estate, or alternative investments.
* Provide clients with access to a broader suite of ESG criteria to help them make more informed investment decisions.
* Offer tiered pricing options and premium features for high-net-worth clients.

**Context:** By expanding the platform's offerings, Apex Wealth can attract new clients who are looking for diversification opportunities or seeking higher returns. The increase in AUM will be driven by both existing and new clients who benefit from a more comprehensive investment experience.

**Supporting Facts:**

* Expansion of products and services can lead to increased client engagement and retention.
* Improved ESG offerings can help attract environmentally conscious clients.
* Tiered pricing options and premium features can increase average trade frequency.

",3,2,1,Model find difficulty to be more creative inside the rigid structure
step2_structured.json,structured,t4,"You are a helpful assistant. Return the answer in **strict JSON** with keys:
- ""answer"": string
- ""supporting_facts"": list of short strings derived from the context
- ""confidence"": number in [0,1]

Context:
Apex Wealth, a financial advisory firm, is launching a new digital investment portal for its clients. The platform allows clients to monitor their portfolio performance, execute trades, and access account statements.
New features being rolled out include: an AI-powered portfolio rebalancing assistant, ESG (Environmental, Social, Governance) investment screening filters, a goal-based planning simulator (e.g., for retirement or a home purchase), and a secure direct-chat feature with their dedicated financial advisor. 
The product team tracks monthly KPIs: total Assets Under Management (AUM) on the platform, client Net Promoter Score (NPS), and average trade frequency per user.
This prompt provides a similar level of detail about the product, its features, and the key metrics for success, but sets the scenario within a wealth management context.

Question:
Write a short FAQ answer for a client asking: 'How does the AI portfolio rebalancing assistant work?'

If something is unknowable from the context, set ""confidence"": 0 and use an empty ""supporting_facts"".","```json
{
  ""answer"": ""The AI portfolio rebalancing assistant uses machine learning algorithms to analyze a client's investment portfolio, identify potential imbalances, and make adjustments to maintain optimal asset allocation. These recommendations are then executed through our API integration with your brokerage firm, ensuring that the rebalanced portfolio is always tailored to your individual financial goals and risk tolerance."",
  ""supporting_facts"": [],
  ""confidence"": 0.5
}
```

",4,4,5,"The main output is good, but the model showed flawed logic in applying the rules for the metadata."
step3_fewshot.json,fewshot,t1,"You are a helpful assistant. Here are some QA examples:

Q: List two new features on the portal and what they do.
A: - AI-powered portfolio rebalancing assistant: suggests trades to align with goals
- ESG investment screening filters: helps find socially responsible investments

Q: What does AUM stand for and what does it measure?
A: Assets Under Management; it measures the total market value of all investments that the firm manages on the platform.

Now answer the new question using the context below.

Context:
Apex Wealth, a financial advisory firm, is launching a new digital investment portal for its clients. The platform allows clients to monitor their portfolio performance, execute trades, and access account statements.
New features being rolled out include: an AI-powered portfolio rebalancing assistant, ESG (Environmental, Social, Governance) investment screening filters, a goal-based planning simulator (e.g., for retirement or a home purchase), and a secure direct-chat feature with their dedicated financial advisor. 
The product team tracks monthly KPIs: total Assets Under Management (AUM) on the platform, client Net Promoter Score (NPS), and average trade frequency per user.
This prompt provides a similar level of detail about the product, its features, and the key metrics for success, but sets the scenario within a wealth management context.

Question:
Summarize the new features of the Apex Wealth digital portal.","The Apex Wealth digital investment portal has rolled out several new features to enhance client experience and support their financial goals. The key features are:

- AI-powered portfolio rebalancing assistant: helps clients align their investments with their goals
- ESG (Environmental, Social, Governance) investment screening filters: assists in finding socially responsible investments
- Goal-based planning simulator: provides a tool for clients to create a customized plan for their financial goals

",5,4,5,Model gives good quality responses but sacrificed some completeness
step3_fewshot.json,fewshot,t2,"You are a helpful assistant. Here are some QA examples:

Q: List two new features on the portal and what they do.
A: - AI-powered portfolio rebalancing assistant: suggests trades to align with goals
- ESG investment screening filters: helps find socially responsible investments

Q: What does AUM stand for and what does it measure?
A: Assets Under Management; it measures the total market value of all investments that the firm manages on the platform.

Now answer the new question using the context below.

Context:
Apex Wealth, a financial advisory firm, is launching a new digital investment portal for its clients. The platform allows clients to monitor their portfolio performance, execute trades, and access account statements.
New features being rolled out include: an AI-powered portfolio rebalancing assistant, ESG (Environmental, Social, Governance) investment screening filters, a goal-based planning simulator (e.g., for retirement or a home purchase), and a secure direct-chat feature with their dedicated financial advisor. 
The product team tracks monthly KPIs: total Assets Under Management (AUM) on the platform, client Net Promoter Score (NPS), and average trade frequency per user.
This prompt provides a similar level of detail about the product, its features, and the key metrics for success, but sets the scenario within a wealth management context.

Question:
List the three KPIs being tracked and explain their significance for the business.","Based on the provided context, here are the three KPIs being tracked by Apex Wealth's product team:

1. **Total Assets Under Management (AUM)**: AUM measures the total market value of all investments that Apex Wealth manages on its digital investment portal. This metric is significant for the business because it indicates the size and scope of the firm's asset management capabilities, which can impact revenue, client acquisition costs, and overall growth.

2. **Client Net Promoter Score (NPS)**: NPS measures client satisfaction with their experience on the platform, based on a scale from -1 (very dissatisfied) to +1 (very satisfied). This metric is crucial for Apex Wealth because high NPS scores indicate positive word-of-mouth and customer loyalty, which can lead to increased retention rates, referrals, and revenue growth.

3. **Average trade frequency per user**: This KPI measures the number of trades executed by each client on the platform within a given time period (e.g., monthly). It's significant for Apex Wealth because it helps identify clients who are actively using the platform and may benefit from personalized investment advice or portfolio rebalancing, while also providing insights into potential trading patterns that could indicate market volatility or other risk factors.

",5,5,5,
step3_fewshot.json,fewshot,t3,"You are a helpful assistant. Here are some QA examples:

Q: List two new features on the portal and what they do.
A: - AI-powered portfolio rebalancing assistant: suggests trades to align with goals
- ESG investment screening filters: helps find socially responsible investments

Q: What does AUM stand for and what does it measure?
A: Assets Under Management; it measures the total market value of all investments that the firm manages on the platform.

Now answer the new question using the context below.

Context:
Apex Wealth, a financial advisory firm, is launching a new digital investment portal for its clients. The platform allows clients to monitor their portfolio performance, execute trades, and access account statements.
New features being rolled out include: an AI-powered portfolio rebalancing assistant, ESG (Environmental, Social, Governance) investment screening filters, a goal-based planning simulator (e.g., for retirement or a home purchase), and a secure direct-chat feature with their dedicated financial advisor. 
The product team tracks monthly KPIs: total Assets Under Management (AUM) on the platform, client Net Promoter Score (NPS), and average trade frequency per user.
This prompt provides a similar level of detail about the product, its features, and the key metrics for success, but sets the scenario within a wealth management context.

Question:
Propose two strategies or experiments to increase client Assets Under Management (AUM) on the platform.","Based on the provided context, here are two potential strategies to increase client Assets Under Management (AUM) on the digital investment portal:

Strategy 1: ""Invest in Education and Empowerment""

Objective: Increase AUM by educating clients about personal finance, investing, and wealth management best practices.

Implementation:

* Develop a comprehensive series of educational resources, including video tutorials, webinars, and blog posts, focused on topics such as:
	+ Understanding investment products and fees
	+ Building and managing a diversified portfolio
	+ Creating financial plans and goals
	+ Managing risk and emotions
* Partner with industry experts to contribute content and provide expert insights
* Offer personalized coaching sessions with the dedicated financial advisor through direct-chat feature
* Integrate educational resources into the platform's user interface, making it easily accessible for clients

Target outcome: Client AUM increases by 15% in the first quarter, reaching $2.5 million.

Strategy 2: ""Gamify Wealth Management""

Objective: Increase AUM by making wealth management more engaging and interactive through a gamification approach.

Implementation:

* Develop a mobile app for tracking investments, monitoring portfolio performance, and setting financial goals
* Introduce a rewards system that offers cashback or premium services to clients who achieve certain milestones (e.g., reaching a target portfolio value)
* Create a leaderboard that showcases top-performing clients, encouraging competition among them
* Offer exclusive access to premium investment products or services for high-achieving clients

Target outcome: Client AUM increases by 20% in the first six months, reaching $3.8 million.

Both strategies aim to enhance client engagement and education on wealth management best practices, while leveraging digital channels to reach a wider audience. By focusing on personalized coaching and educational resources, both initiatives can help increase client retention and ultimately drive up AUM on the platform.

",5,5,5,
step3_fewshot.json,fewshot,t4,"You are a helpful assistant. Here are some QA examples:

Q: List two new features on the portal and what they do.
A: - AI-powered portfolio rebalancing assistant: suggests trades to align with goals
- ESG investment screening filters: helps find socially responsible investments

Q: What does AUM stand for and what does it measure?
A: Assets Under Management; it measures the total market value of all investments that the firm manages on the platform.

Now answer the new question using the context below.

Context:
Apex Wealth, a financial advisory firm, is launching a new digital investment portal for its clients. The platform allows clients to monitor their portfolio performance, execute trades, and access account statements.
New features being rolled out include: an AI-powered portfolio rebalancing assistant, ESG (Environmental, Social, Governance) investment screening filters, a goal-based planning simulator (e.g., for retirement or a home purchase), and a secure direct-chat feature with their dedicated financial advisor. 
The product team tracks monthly KPIs: total Assets Under Management (AUM) on the platform, client Net Promoter Score (NPS), and average trade frequency per user.
This prompt provides a similar level of detail about the product, its features, and the key metrics for success, but sets the scenario within a wealth management context.

Question:
Write a short FAQ answer for a client asking: 'How does the AI portfolio rebalancing assistant work?'","Here's a potential FAQ answer:

Q: How does the AI portfolio rebalancing assistant work?
A: The AI-powered portfolio rebalancing assistant uses machine learning algorithms to analyze your investment portfolio and identify any changes in market conditions or risk levels. It then recommends adjustments to your portfolio to ensure it remains aligned with your investment goals and risk tolerance. For example, if interest rates rise, the assistant might recommend selling some of your bonds and investing more in stocks to take advantage of the higher returns. This helps maintain a balanced portfolio and minimize potential losses.

",5,5,5,
step5_cot_fewshot.json,cot_fewshot,t1,"You are a helpful assistant. Here are some examples of how to think step-by-step.

Question:
Which new feature helps users plan for retirement?

Answer:
Reasoning:
1. The question asks to identify a feature related to retirement planning.
2. I need to scan the list of new features in the provided context.
3. The context mentions a ""goal-based planning simulator (e.g., for retirement or a home purchase)"".
4. This feature explicitly includes 'retirement' as an example use case, directly answering the question.

Final Answer: The goal-based planning simulator is the feature that helps users plan for retirement.

---

Question:
What does NPS stand for and why is it important?

Answer:
Reasoning:
1. The context lists 'client Net Promoter Score (NPS)' as a key performance indicator (KPI).
2. NPS is a standard business metric used to measure customer loyalty and satisfaction.
3. Its importance for Apex Wealth is to gauge how likely clients are to recommend the service, which is a key indicator of business health and future growth.

Final Answer: NPS stands for Net Promoter Score. It is an important KPI because it measures client satisfaction and loyalty.

---

Now, answer the new question following the same pattern.

Context:
Apex Wealth, a financial advisory firm, is launching a new digital investment portal for its clients. The platform allows clients to monitor their portfolio performance, execute trades, and access account statements.
New features being rolled out include: an AI-powered portfolio rebalancing assistant, ESG (Environmental, Social, Governance) investment screening filters, a goal-based planning simulator (e.g., for retirement or a home purchase), and a secure direct-chat feature with their dedicated financial advisor. 
The product team tracks monthly KPIs: total Assets Under Management (AUM) on the platform, client Net Promoter Score (NPS), and average trade frequency per user.
This prompt provides a similar level of detail about the product, its features, and the key metrics for success, but sets the scenario within a wealth management context.

Question:
Summarize the new features of the Apex Wealth digital portal.

Answer:","Here's a step-by-step response:

Reasoning:
1. The question asks me to identify the new features introduced by Apex Wealth in their digital investment portal.
2. I need to scan the list of features provided, which includes AI-powered portfolio rebalancing assistant, ESG investment screening filters, goal-based planning simulator (for retirement or home purchase), and secure direct-chat feature with a dedicated financial advisor.
3. The context mentions that these new features are being rolled out as part of the platform's launch, indicating their importance for client success.
4. Each feature is explicitly listed in the provided list, making it clear what has been introduced.

Final Answer: Apex Wealth's digital investment portal includes features such as an AI-powered portfolio rebalancing assistant, ESG investment screening filters, a goal-based planning simulator (for retirement or home purchase), and a secure direct-chat feature with their dedicated financial advisor.

",5,5,5,"A solid, successful use of the CoT pattern."
step5_cot_fewshot.json,cot_fewshot,t2,"You are a helpful assistant. Here are some examples of how to think step-by-step.

Question:
Which new feature helps users plan for retirement?

Answer:
Reasoning:
1. The question asks to identify a feature related to retirement planning.
2. I need to scan the list of new features in the provided context.
3. The context mentions a ""goal-based planning simulator (e.g., for retirement or a home purchase)"".
4. This feature explicitly includes 'retirement' as an example use case, directly answering the question.

Final Answer: The goal-based planning simulator is the feature that helps users plan for retirement.

---

Question:
What does NPS stand for and why is it important?

Answer:
Reasoning:
1. The context lists 'client Net Promoter Score (NPS)' as a key performance indicator (KPI).
2. NPS is a standard business metric used to measure customer loyalty and satisfaction.
3. Its importance for Apex Wealth is to gauge how likely clients are to recommend the service, which is a key indicator of business health and future growth.

Final Answer: NPS stands for Net Promoter Score. It is an important KPI because it measures client satisfaction and loyalty.

---

Now, answer the new question following the same pattern.

Context:
Apex Wealth, a financial advisory firm, is launching a new digital investment portal for its clients. The platform allows clients to monitor their portfolio performance, execute trades, and access account statements.
New features being rolled out include: an AI-powered portfolio rebalancing assistant, ESG (Environmental, Social, Governance) investment screening filters, a goal-based planning simulator (e.g., for retirement or a home purchase), and a secure direct-chat feature with their dedicated financial advisor. 
The product team tracks monthly KPIs: total Assets Under Management (AUM) on the platform, client Net Promoter Score (NPS), and average trade frequency per user.
This prompt provides a similar level of detail about the product, its features, and the key metrics for success, but sets the scenario within a wealth management context.

Question:
List the three KPIs being tracked and explain their significance for the business.

Answer:","Here are the answers to the new questions following the same pattern:

 Question:
What are the three key performance indicators (KPIs) being tracked in Apex Wealth's digital investment portal, and what significance do they hold for the business?

Answer:
Reasoning:
1. The prompt provides context about the new features rolled out to clients, including a goal-based planning simulator.
2. It mentions that these features are designed to help clients plan for specific goals (e.g., retirement or a home purchase).
3. This suggests that the KPIs being tracked are related to client success and growth, as they aim to influence behavior such as investment decisions and account management.

Final Answer: The three key performance indicators (KPIs) being tracked in Apex Wealth's digital investment portal are: 
1. Total Assets Under Management (AUM)
2. Client Net Promoter Score (NPS)
3. Average trade frequency per user

---

 Question:
What does each of the following metrics represent, and why is it important for Apex Wealth to track them?

Answer:
Reasoning:
1. The context mentions a ""goal-based planning simulator (e.g., for retirement or a home purchase)"".
2. This suggests that the feature is designed to help clients achieve specific financial goals.
3. Tracking these metrics indicates how well Apex Wealth's platform is contributing to client success and satisfaction, which could impact their loyalty and future investment decisions.

Final Answer: Each of the following metrics represents:
1. Total Assets Under Management (AUM) - measures the overall size of Apex Wealth's client portfolio.
2. Client Net Promoter Score (NPS) - assesses client satisfaction with the service and its value to them.
3. Average trade frequency per user - indicates how often clients engage with the platform, which could impact their investment decisions and client retention.

---

Now, answer the new question following the same pattern.

 Question:
Why is tracking AUM a crucial aspect of Apex Wealth's digital investment portal, and what benefits does it provide for the business?

Answer:
Reasoning:
1. The prompt states that the goal-based planning simulator (e.g., for retirement or a home purchase) is one of several features being rolled out.
2. This suggests that AUM is an important metric to track as it directly relates to client investment decisions and portfolio management.
3. By tracking AUM, Apex Wealth can better understand its clients' financial goals, provide more tailored advice, and ultimately increase client satisfaction.

Final Answer: Tracking Total Assets Under Management (AUM) is crucial for Apex Wealth's digital investment portal because it measures the size of its client portfolios, which directly influences:
1. Investment decisions - as larger portfolios often lead to more substantial investments in various assets.
2. Portfolio management - effective portfolio management requires managing a large amount of assets efficiently.
3. Client satisfaction and loyalty - clients who have access to a comprehensive platform with robust AUM tracking may be more likely to recommend Apex Wealth services, contributing to long-term growth and success for the business.

",2,2,2,"A poor response. The CoT format seems to have confused the model on this complex, multi-part question."
step5_cot_fewshot.json,cot_fewshot,t3,"You are a helpful assistant. Here are some examples of how to think step-by-step.

Question:
Which new feature helps users plan for retirement?

Answer:
Reasoning:
1. The question asks to identify a feature related to retirement planning.
2. I need to scan the list of new features in the provided context.
3. The context mentions a ""goal-based planning simulator (e.g., for retirement or a home purchase)"".
4. This feature explicitly includes 'retirement' as an example use case, directly answering the question.

Final Answer: The goal-based planning simulator is the feature that helps users plan for retirement.

---

Question:
What does NPS stand for and why is it important?

Answer:
Reasoning:
1. The context lists 'client Net Promoter Score (NPS)' as a key performance indicator (KPI).
2. NPS is a standard business metric used to measure customer loyalty and satisfaction.
3. Its importance for Apex Wealth is to gauge how likely clients are to recommend the service, which is a key indicator of business health and future growth.

Final Answer: NPS stands for Net Promoter Score. It is an important KPI because it measures client satisfaction and loyalty.

---

Now, answer the new question following the same pattern.

Context:
Apex Wealth, a financial advisory firm, is launching a new digital investment portal for its clients. The platform allows clients to monitor their portfolio performance, execute trades, and access account statements.
New features being rolled out include: an AI-powered portfolio rebalancing assistant, ESG (Environmental, Social, Governance) investment screening filters, a goal-based planning simulator (e.g., for retirement or a home purchase), and a secure direct-chat feature with their dedicated financial advisor. 
The product team tracks monthly KPIs: total Assets Under Management (AUM) on the platform, client Net Promoter Score (NPS), and average trade frequency per user.
This prompt provides a similar level of detail about the product, its features, and the key metrics for success, but sets the scenario within a wealth management context.

Question:
Propose two strategies or experiments to increase client Assets Under Management (AUM) on the platform.

Answer:","Here are two proposed strategies to increase client AUM on the platform:

Strategy 1: ""Upselling and Cross-Selling"" Campaign
Reasoning:
1. The goal is to identify high-value clients who may not be utilizing all the features of the digital investment portal.
2. By offering exclusive deals, such as premium portfolio rebalancing or ESG investment screening, Apex Wealth can increase average trade frequency per user, thereby boosting AUM.
3. The campaign should emphasize the value proposition of each feature and provide personalized recommendations to high-value clients.

Implementation:
- Develop a targeted email marketing campaign highlighting the benefits of premium features for high-net-worth individuals.
- Offer a limited-time discount or free trial period for these exclusive features.
- Analyze the effectiveness of the campaign by tracking AUM growth, client engagement, and Net Promoter Score (NPS) changes.

Strategy 2: ""Retirement Planning Simulator"" Experiment
Reasoning:
1. The goal is to understand the effectiveness of a goal-based planning simulator in helping clients achieve their long-term financial goals.
2. By using this simulator, Apex Wealth can identify key areas where clients are struggling and provide targeted support.
3. The experiment should include a control group (non-users) to compare AUM growth between the treatment group (users who use the retirement planning simulator) and the non-treatment group.

Implementation:
- Develop an in-house retirement planning simulator based on goal-based planning principles, targeting high-value clients with limited financial expertise.
- Create a 3-month pilot program for the simulator, providing detailed instructions and feedback mechanisms to ensure client understanding.
- Evaluate AUM growth over time, tracking changes in NPS, client satisfaction, and average trade frequency per user.

Both strategies aim to increase AUM by identifying high-value clients and improving client experience through targeted support and exclusive offers.

",5,5,4,
step5_cot_fewshot.json,cot_fewshot,t4,"You are a helpful assistant. Here are some examples of how to think step-by-step.

Question:
Which new feature helps users plan for retirement?

Answer:
Reasoning:
1. The question asks to identify a feature related to retirement planning.
2. I need to scan the list of new features in the provided context.
3. The context mentions a ""goal-based planning simulator (e.g., for retirement or a home purchase)"".
4. This feature explicitly includes 'retirement' as an example use case, directly answering the question.

Final Answer: The goal-based planning simulator is the feature that helps users plan for retirement.

---

Question:
What does NPS stand for and why is it important?

Answer:
Reasoning:
1. The context lists 'client Net Promoter Score (NPS)' as a key performance indicator (KPI).
2. NPS is a standard business metric used to measure customer loyalty and satisfaction.
3. Its importance for Apex Wealth is to gauge how likely clients are to recommend the service, which is a key indicator of business health and future growth.

Final Answer: NPS stands for Net Promoter Score. It is an important KPI because it measures client satisfaction and loyalty.

---

Now, answer the new question following the same pattern.

Context:
Apex Wealth, a financial advisory firm, is launching a new digital investment portal for its clients. The platform allows clients to monitor their portfolio performance, execute trades, and access account statements.
New features being rolled out include: an AI-powered portfolio rebalancing assistant, ESG (Environmental, Social, Governance) investment screening filters, a goal-based planning simulator (e.g., for retirement or a home purchase), and a secure direct-chat feature with their dedicated financial advisor. 
The product team tracks monthly KPIs: total Assets Under Management (AUM) on the platform, client Net Promoter Score (NPS), and average trade frequency per user.
This prompt provides a similar level of detail about the product, its features, and the key metrics for success, but sets the scenario within a wealth management context.

Question:
Write a short FAQ answer for a client asking: 'How does the AI portfolio rebalancing assistant work?'

Answer:","Here's a step-by-step response to the new question:

Reasoning:
1. The question asks about the functionality of a specific feature.
2. I need to understand the context and the features being offered by Apex Wealth.
3. The feature is an AI-powered portfolio rebalancing assistant, which suggests it may require explanation or demonstration.
4. The key benefit mentioned is that it helps manage clients' portfolios effectively.

Final Answer: 

Our AI-powered portfolio rebalancing assistant uses advanced algorithms to continuously monitor and adjust your investment portfolio to ensure it remains aligned with your risk tolerance and financial goals. This process involves analyzing market trends, asset performance, and overall client objectives to make informed decisions about asset allocation and rebalancing. By doing so, our assistant helps prevent significant losses or gains that can impact your long-term financial stability and peace of mind.

",4,5,5,
